Workbook

Sheet Bank_Churn
A1: RowNumber | B1: CustomerId | C1: CreditScore | D1: GeographyID | E1: GenderID | F1: Age | G1: Tenure | H1: Balance | I1: NumOfProducts | J1: HasCrCard | K1: IsActiveMember | L1: EstimatedSalary | M1: Exited | N1: Bank DOJ | P1: Year | R1: Month | T1: Exit_category | V1: Geography location | Z1: Gender | AE1: age group | AF1: Credit type | AG1: balance range
A2: 1 | B2: 15634602 | C2: 619 | D2: 1 | E2: 2 | F2: 42 | G2: 7 | H2: 0 | I2: 1 | J2: 1 | K2: 1 | L2: 101348.88 | M2: 1 | N2: 23-03-2016 | P2: =RIGHT($N2,4) -> 2016 | Q2: {=_xlfn.UNIQUE(P2:P10001)} -> 2016 | R2: =MID(N2,4,2) -> 03 | S2: {=_xlfn._xlws.SORT(_xlfn.UNIQUE(R2:R10001),,1)} -> 01 | T2: =IF(M2=1,"Exit","Retain") -> Exit | U2: {=IF(_xlfn.UNIQUE(M2:M10001)=1,"Exit","Retain")} -> Exit | V2: =IF(D2=1,"France",IF(D2=2,"Spain",IF(D2=3,"Germany","NONE"))) -> France | W2: {=_xlfn.UNIQUE(D2:D10001)} -> 1 | X2: =COUNTIF($D:$D,1) -> 5014 | Y2: France | Z2: =IF(E2=1,"Male","Female") -> Female | AA2: =COUNTIF(E2:E10001,1) -> 5457 | AB2: Male | AC2: 1 | AE2: =IF(F2<18,"Kids",IF(AND(F2>=18,F2<24),"Young Adults",IF(AND(F2>=24,F2<39),"Adults",IF(AND(F2>=39,F2<64),"Middle aged","Retired")))) -> Middle aged | AF2: =IF(AND(C2>=800,C2<=850),"Excellent",IF(AND(C2>=740,C2<=799),"Very good",IF(AND(C2>=670,C2<=739),"Good",IF(AND(C2>=580,C2<=669),"Fair",IF(AND(C2>=300,C2<=579),"Poor","None"))))) -> Fair | AG2: =IF(H2<25000,"Very low",IF(AND(H2>25000,H2<=50000),"Low",IF(AND(H2>50000,H2<=100000),"Medium",IF(AND(H2>100000,H2<=150000),"High",IF(AND(H2>150000,H2<=200000),"Very high",IF(H2>200000,"Extreme","None")))))) -> Very low
A3: 2 | B3: 15647311 | C3: 608 | D3: 2 | E3: 2 | F3: 41 | G3: 4 | H3: 83807.86 | I3: 1 | J3: 0 | K3: 1 | L3: 112542.58 | M3: 0 | N3: 09-10-2018 | P3: =RIGHT($N3,4) -> 2018 | Q3: 2018 | R3: =MID(N3,4,2) -> 10 | S3: 02 | T3: =IF(M3=1,"Exit","Retain") -> Retain | U3: Retain | V3: =IF(D3=1,"France",IF(D3=2,"Spain",IF(D3=3,"Germany","NONE"))) -> Spain | W3: 2 | X3: =COUNTIF($D:$D,2) -> 2477 | Y3: Spain | Z3: =IF(E3=1,"Male","Female") -> Female | AA3: =COUNTIF(E2:E10001,2) -> 4543 | AB3: Female | AC3: 2 | AE3: =IF(F3<18,"Kids",IF(AND(F3>=18,F3<24),"Young Adults",IF(AND(F3>=24,F3<39),"Adults",IF(AND(F3>=39,F3<64),"Middle aged","Retired")))) -> Middle aged | AF3: =IF(AND(C3>=800,C3<=850),"Excellent",IF(AND(C3>=740,C3<=799),"Very good",IF(AND(C3>=670,C3<=739),"Good",IF(AND(C3>=580,C3<=669),"Fair",IF(AND(C3>=300,C3<=579),"Poor","None"))))) -> Fair | AG3: =IF(H3<25000,"Very low",IF(AND(H3>25000,H3<=50000),"Low",IF(AND(H3>50000,H3<=100000),"Medium",IF(AND(H3>100000,H3<=150000),"High",IF(AND(H3>150000,H3<=200000),"Very high",IF(H3>200000,"Extreme","None")))))) -> Medium
A4: 3 | B4: 15619304 | C4: 502 | D4: 1 | E4: 2 | F4: 42 | G4: 4 | H4: 159660.8 | I4: 3 | J4: 1 | K4: 0 | L4: 113931.57 | M4: 1 | N4: 25-03-2019 | P4: =RIGHT($N4,4) -> 2019 | Q4: 2019 | R4: =MID(N4,4,2) -> 03 | S4: 03 | T4: =IF(M4=1,"Exit","Retain") -> Exit | U4: <> | V4: =IF(D4=1,"France",IF(D4=2,"Spain",IF(D4=3,"Germany","NONE"))) -> France | W4: 3 | X4: =COUNTIF($D:$D,3) -> 2509 | Y4: Germany | Z4: =IF(E4=1,"Male","Female") -> Female | AB4: <> | AE4: =IF(F4<18,"Kids",IF(AND(F4>=18,F4<24),"Young Adults",IF(AND(F4>=24,F4<39),"Adults",IF(AND(F4>=39,F4<64),"Middle aged","Retired")))) -> Middle aged | AF4: =IF(AND(C4>=800,C4<=850),"Excellent",IF(AND(C4>=740,C4<=799),"Very good",IF(AND(C4>=670,C4<=739),"Good",IF(AND(C4>=580,C4<=669),"Fair",IF(AND(C4>=300,C4<=579),"Poor","None"))))) -> Poor | AG4: =IF(H4<25000,"Very low",IF(AND(H4>25000,H4<=50000),"Low",IF(AND(H4>50000,H4<=100000),"Medium",IF(AND(H4>100000,H4<=150000),"High",IF(AND(H4>150000,H4<=200000),"Very high",IF(H4>200000,"Extreme","None")))))) -> Very high
A5: 4 | B5: 15701354 | C5: 699 | D5: 1 | E5: 2 | F5: 39 | G5: 3 | H5: 0 | I5: 2 | J5: 0 | K5: 0 | L5: 93826.63 | M5: 0 | N5: 24-10-2019 | P5: =RIGHT($N5,4) -> 2019 | Q5: 2017 | R5: =MID(N5,4,2) -> 10 | S5: 04 | T5: =IF(M5=1,"Exit","Retain") -> Retain | V5: =IF(D5=1,"France",IF(D5=2,"Spain",IF(D5=3,"Germany","NONE"))) -> France | Y5: <> | Z5: =IF(E5=1,"Male","Female") -> Female | AE5: =IF(F5<18,"Kids",IF(AND(F5>=18,F5<24),"Young Adults",IF(AND(F5>=24,F5<39),"Adults",IF(AND(F5>=39,F5<64),"Middle aged","Retired")))) -> Middle aged | AF5: =IF(AND(C5>=800,C5<=850),"Excellent",IF(AND(C5>=740,C5<=799),"Very good",IF(AND(C5>=670,C5<=739),"Good",IF(AND(C5>=580,C5<=669),"Fair",IF(AND(C5>=300,C5<=579),"Poor","None"))))) -> Good | AG5: =IF(H5<25000,"Very low",IF(AND(H5>25000,H5<=50000),"Low",IF(AND(H5>50000,H5<=100000),"Medium",IF(AND(H5>100000,H5<=150000),"High",IF(AND(H5>150000,H5<=200000),"Very high",IF(H5>200000,"Extreme","None")))))) -> Very low
A6: 5 | B6: 15737888 | C6: 850 | D6: 2 | E6: 2 | F6: 43 | G6: 3 | H6: 125510.82 | I6: 1 | J6: 1 | K6: 1 | L6: 79084.1 | M6: 0 | N6: 22-11-2019 | P6: =RIGHT($N6,4) -> 2019 | Q6: <> | R6: =MID(N6,4,2) -> 11 | S6: 05 | T6: =IF(M6=1,"Exit","Retain") -> Retain | V6: =IF(D6=1,"France",IF(D6=2,"Spain",IF(D6=3,"Germany","NONE"))) -> Spain | Z6: =IF(E6=1,"Male","Female") -> Female | AE6: =IF(F6<18,"Kids",IF(AND(F6>=18,F6<24),"Young Adults",IF(AND(F6>=24,F6<39),"Adults",IF(AND(F6>=39,F6<64),"Middle aged","Retired")))) -> Middle aged | AF6: =IF(AND(C6>=800,C6<=850),"Excellent",IF(AND(C6>=740,C6<=799),"Very good",IF(AND(C6>=670,C6<=739),"Good",IF(AND(C6>=580,C6<=669),"Fair",IF(AND(C6>=300,C6<=579),"Poor","None"))))) -> Excellent | AG6: =IF(H6<25000,"Very low",IF(AND(H6>25000,H6<=50000),"Low",IF(AND(H6>50000,H6<=100000),"Medium",IF(AND(H6>100000,H6<=150000),"High",IF(AND(H6>150000,H6<=200000),"Very high",IF(H6>200000,"Extreme","None")))))) -> High
A7: 6 | B7: 15574012 | C7: 645 | D7: 2 | E7: 1 | F7: 44 | G7: 4 | H7: 113755.78 | I7: 2 | J7: 1 | K7: 0 | L7: 149756.71 | M7: 1 | N7: 21-12-2018 | P7: =RIGHT($N7,4) -> 2018 | R7: =MID(N7,4,2) -> 12 | S7: 06 | T7: =IF(M7=1,"Exit","Retain") -> Exit | V7: =IF(D7=1,"France",IF(D7=2,"Spain",IF(D7=3,"Germany","NONE"))) -> Spain | Z7: =IF(E7=1,"Male","Female") -> Male | AE7: =IF(F7<18,"Kids",IF(AND(F7>=18,F7<24),"Young Adults",IF(AND(F7>=24,F7<39),"Adults",IF(AND(F7>=39,F7<64),"Middle aged","Retired")))) -> Middle aged | AF7: =IF(AND(C7>=800,C7<=850),"Excellent",IF(AND(C7>=740,C7<=799),"Very good",IF(AND(C7>=670,C7<=739),"Good",IF(AND(C7>=580,C7<=669),"Fair",IF(AND(C7>=300,C7<=579),"Poor","None"))))) -> Fair | AG7: =IF(H7<25000,"Very low",IF(AND(H7>25000,H7<=50000),"Low",IF(AND(H7>50000,H7<=100000),"Medium",IF(AND(H7>100000,H7<=150000),"High",IF(AND(H7>150000,H7<=200000),"Very high",IF(H7>200000,"Extreme","None")))))) -> High
A8: 7 | B8: 15592531 | C8: 822 | D8: 1 | E8: 1 | F8: 50 | G8: 6 | H8: 0 | I8: 2 | J8: 1 | K8: 1 | L8: 10062.8 | M8: 0 | N8: 28-09-2016 | P8: =RIGHT($N8,4) -> 2016 | R8: =MID(N8,4,2) -> 09 | S8: 07 | T8: =IF(M8=1,"Exit","Retain") -> Retain | V8: =IF(D8=1,"France",IF(D8=2,"Spain",IF(D8=3,"Germany","NONE"))) -> France | X8: Active Category | Z8: =IF(E8=1,"Male","Female") -> Male | AE8: =IF(F8<18,"Kids",IF(AND(F8>=18,F8<24),"Young Adults",IF(AND(F8>=24,F8<39),"Adults",IF(AND(F8>=39,F8<64),"Middle aged","Retired")))) -> Middle aged | AF8: =IF(AND(C8>=800,C8<=850),"Excellent",IF(AND(C8>=740,C8<=799),"Very good",IF(AND(C8>=670,C8<=739),"Good",IF(AND(C8>=580,C8<=669),"Fair",IF(AND(C8>=300,C8<=579),"Poor","None"))))) -> Excellent | AG8: =IF(H8<25000,"Very low",IF(AND(H8>25000,H8<=50000),"Low",IF(AND(H8>50000,H8<=100000),"Medium",IF(AND(H8>100000,H8<=150000),"High",IF(AND(H8>150000,H8<=200000),"Very high",IF(H8>200000,"Extreme","None")))))) -> Very low
A9: 8 | B9: 15656148 | C9: 376 | D9: 3 | E9: 2 | F9: 29 | G9: 5 | H9: 115046.74 | I9: 4 | J9: 1 | K9: 0 | L9: 119346.88 | M9: 1 | N9: 20-04-2018 | P9: =RIGHT($N9,4) -> 2018 | R9: =MID(N9,4,2) -> 04 | S9: 08 | T9: =IF(M9=1,"Exit","Retain") -> Exit | V9: =IF(D9=1,"France",IF(D9=2,"Spain",IF(D9=3,"Germany","NONE"))) -> Germany | X9: 1 | Y9: Active | Z9: =IF(E9=1,"Male","Female") -> Female | AE9: =IF(F9<18,"Kids",IF(AND(F9>=18,F9<24),"Young Adults",IF(AND(F9>=24,F9<39),"Adults",IF(AND(F9>=39,F9<64),"Middle aged","Retired")))) -> Adults | AF9: =IF(AND(C9>=800,C9<=850),"Excellent",IF(AND(C9>=740,C9<=799),"Very good",IF(AND(C9>=670,C9<=739),"Good",IF(AND(C9>=580,C9<=669),"Fair",IF(AND(C9>=300,C9<=579),"Poor","None"))))) -> Poor | AG9: =IF(H9<25000,"Very low",IF(AND(H9>25000,H9<=50000),"Low",IF(AND(H9>50000,H9<=100000),"Medium",IF(AND(H9>100000,H9<=150000),"High",IF(AND(H9>150000,H9<=200000),"Very high",IF(H9>200000,"Extreme","None")))))) -> High
A10: 9 | B10: 15792365 | C10: 501 | D10: 1 | E10: 1 | F10: 44 | G10: 5 | H10: 142051.07 | I10: 2 | J10: 0 | K10: 1 | L10: 74940.5 | M10: 0 | N10: 04-02-2018 | P10: =RIGHT($N10,4) -> 2018 | R10: =MID(N10,4,2) -> 02 | S10: 09 | T10: =IF(M10=1,"Exit","Retain") -> Retain | V10: =IF(D10=1,"France",IF(D10=2,"Spain",IF(D10=3,"Germany","NONE"))) -> France | X10: 0 | Y10: In-Active | Z10: =IF(E10=1,"Male","Female") -> Male | AE10: =IF(F10<18,"Kids",IF(AND(F10>=18,F10<24),"Young Adults",IF(AND(F10>=24,F10<39),"Adults",IF(AND(F10>=39,F10<64),"Middle aged","Retired")))) -> Middle aged | AF10: =IF(AND(C10>=800,C10<=850),"Excellent",IF(AND(C10>=740,C10<=799),"Very good",IF(AND(C10>=670,C10<=739),"Good",IF(AND(C10>=580,C10<=669),"Fair",IF(AND(C10>=300,C10<=579),"Poor","None"))))) -> Poor | AG10: =IF(H10<25000,"Very low",IF(AND(H10>25000,H10<=50000),"Low",IF(AND(H10>50000,H10<=100000),"Medium",IF(AND(H10>100000,H10<=150000),"High",IF(AND(H10>150000,H10<=200000),"Very high",IF(H10>200000,"Extreme","None")))))) -> High
A11: 10 | B11: 15592389 | C11: 684 | D11: 1 | E11: 1 | F11: 27 | G11: 5 | H11: 134603.88 | I11: 1 | J11: 1 | K11: 1 | L11: 71725.73 | M11: 0 | N11: 27-05-2018 | P11: =RIGHT($N11,4) -> 2018 | R11: =MID(N11,4,2) -> 05 | S11: 10 | T11: =IF(M11=1,"Exit","Retain") -> Retain | V11: =IF(D11=1,"France",IF(D11=2,"Spain",IF(D11=3,"Germany","NONE"))) -> France | Y11: <> | Z11: =IF(E11=1,"Male","Female") -> Male | AE11: =IF(F11<18,"Kids",IF(AND(F11>=18,F11<24),"Young Adults",IF(AND(F11>=24,F11<39),"Adults",IF(AND(F11>=39,F11<64),"Middle aged","Retired")))) -> Adults | AF11: =IF(AND(C11>=800,C11<=850),"Excellent",IF(AND(C11>=740,C11<=799),"Very good",IF(AND(C11>=670,C11<=739),"Good",IF(AND(C11>=580,C11<=669),"Fair",IF(AND(C11>=300,C11<=579),"Poor","None"))))) -> Good | AG11: =IF(H11<25000,"Very low",IF(AND(H11>25000,H11<=50000),"Low",IF(AND(H11>50000,H11<=100000),"Medium",IF(AND(H11>100000,H11<=150000),"High",IF(AND(H11>150000,H11<=200000),"Very high",IF(H11>200000,"Extreme","None")))))) -> High
A12: 11 | B12: 15767821 | C12: 528 | D12: 1 | E12: 1 | F12: 31 | G12: 7 | H12: 102016.72 | I12: 2 | J12: 0 | K12: 0 | L12: 80181.12 | M12: 0 | N12: 27-07-2016 | P12: =RIGHT($N12,4) -> 2016 | R12: =MID(N12,4,2) -> 07 | S12: 11 | T12: =IF(M12=1,"Exit","Retain") -> Retain | V12: =IF(D12=1,"France",IF(D12=2,"Spain",IF(D12=3,"Germany","NONE"))) -> France | Z12: =IF(E12=1,"Male","Female") -> Male | AE12: =IF(F12<18,"Kids",IF(AND(F12>=18,F12<24),"Young Adults",IF(AND(F12>=24,F12<39),"Adults",IF(AND(F12>=39,F12<64),"Middle aged","Retired")))) -> Adults | AF12: =IF(AND(C12>=800,C12<=850),"Excellent",IF(AND(C12>=740,C12<=799),"Very good",IF(AND(C12>=670,C12<=739),"Good",IF(AND(C12>=580,C12<=669),"Fair",IF(AND(C12>=300,C12<=579),"Poor","None"))))) -> Poor | AG12: =IF(H12<25000,"Very low",IF(AND(H12>25000,H12<=50000),"Low",IF(AND(H12>50000,H12<=100000),"Medium",IF(AND(H12>100000,H12<=150000),"High",IF(AND(H12>150000,H12<=200000),"Very high",IF(H12>200000,"Extreme","None")))))) -> High
A13: 12 | B13: 15737173 | C13: 497 | D13: 2 | E13: 1 | F13: 24 | G13: 7 | H13: 0 | I13: 2 | J13: 1 | K13: 0 | L13: 76390.01 | M13: 0 | N13: 12-09-2016 | P13: =RIGHT($N13,4) -> 2016 | R13: =MID(N13,4,2) -> 09 | S13: 12 | T13: =IF(M13=1,"Exit","Retain") -> Retain | V13: =IF(D13=1,"France",IF(D13=2,"Spain",IF(D13=3,"Germany","NONE"))) -> Spain | Z13: =IF(E13=1,"Male","Female") -> Male | AE13: =IF(F13<18,"Kids",IF(AND(F13>=18,F13<24),"Young Adults",IF(AND(F13>=24,F13<39),"Adults",IF(AND(F13>=39,F13<64),"Middle aged","Retired")))) -> Adults | AF13: =IF(AND(C13>=800,C13<=850),"Excellent",IF(AND(C13>=740,C13<=799),"Very good",IF(AND(C13>=670,C13<=739),"Good",IF(AND(C13>=580,C13<=669),"Fair",IF(AND(C13>=300,C13<=579),"Poor","None"))))) -> Poor | AG13: =IF(H13<25000,"Very low",IF(AND(H13>25000,H13<=50000),"Low",IF(AND(H13>50000,H13<=100000),"Medium",IF(AND(H13>100000,H13<=150000),"High",IF(AND(H13>150000,H13<=200000),"Very high",IF(H13>200000,"Extreme","None")))))) -> Very low
A14: 13 | B14: 15632264 | C14: 476 | D14: 1 | E14: 2 | F14: 34 | G14: 3 | H14: 0 | I14: 2 | J14: 1 | K14: 0 | L14: 26260.98 | M14: 0 | N14: 04-11-2019 | P14: =RIGHT($N14,4) -> 2019 | R14: =MID(N14,4,2) -> 11 | S14: <> | T14: =IF(M14=1,"Exit","Retain") -> Retain | V14: =IF(D14=1,"France",IF(D14=2,"Spain",IF(D14=3,"Germany","NONE"))) -> France | Z14: =IF(E14=1,"Male","Female") -> Female | AE14: =IF(F14<18,"Kids",IF(AND(F14>=18,F14<24),"Young Adults",IF(AND(F14>=24,F14<39),"Adults",IF(AND(F14>=39,F14<64),"Middle aged","Retired")))) -> Adults | AF14: =IF(AND(C14>=800,C14<=850),"Excellent",IF(AND(C14>=740,C14<=799),"Very good",IF(AND(C14>=670,C14<=739),"Good",IF(AND(C14>=580,C14<=669),"Fair",IF(AND(C14>=300,C14<=579),"Poor","None"))))) -> Poor | AG14: =IF(H14<25000,"Very low",IF(AND(H14>25000,H14<=50000),"Low",IF(AND(H14>50000,H14<=100000),"Medium",IF(AND(H14>100000,H14<=150000),"High",IF(AND(H14>150000,H14<=200000),"Very high",IF(H14>200000,"Extreme","None")))))) -> Very low
A15: 14 | B15: 15691483 | C15: 549 | D15: 1 | E15: 2 | F15: 25 | G15: 6 | H15: 0 | I15: 2 | J15: 0 | K15: 0 | L15: 190857.79 | M15: 0 | N15: 21-12-2016 | P15: =RIGHT($N15,4) -> 2016 | R15: =MID(N15,4,2) -> 12 | T15: =IF(M15=1,"Exit","Retain") -> Retain | V15: =IF(D15=1,"France",IF(D15=2,"Spain",IF(D15=3,"Germany","NONE"))) -> France | Z15: =IF(E15=1,"Male","Female") -> Female | AE15: =IF(F15<18,"Kids",IF(AND(F15>=18,F15<24),"Young Adults",IF(AND(F15>=24,F15<39),"Adults",IF(AND(F15>=39,F15<64),"Middle aged","Retired")))) -> Adults | AF15: =IF(AND(C15>=800,C15<=850),"Excellent",IF(AND(C15>=740,C15<=799),"Very good",IF(AND(C15>=670,C15<=739),"Good",IF(AND(C15>=580,C15<=669),"Fair",IF(AND(C15>=300,C15<=579),"Poor","None"))))) -> Poor | AG15: =IF(H15<25000,"Very low",IF(AND(H15>25000,H15<=50000),"Low",IF(AND(H15>50000,H15<=100000),"Medium",IF(AND(H15>100000,H15<=150000),"High",IF(AND(H15>150000,H15<=200000),"Very high",IF(H15>200000,"Extreme","None")))))) -> Very low
A16: 15 | B16: 15600882 | C16: 635 | D16: 2 | E16: 2 | F16: 35 | G16: 6 | H16: 0 | I16: 2 | J16: 1 | K16: 1 | L16: 65951.65 | M16: 0 | N16: 22-03-2017 | P16: =RIGHT($N16,4) -> 2017 | R16: =MID(N16,4,2) -> 03 | T16: =IF(M16=1,"Exit","Retain") -> Retain | V16: =IF(D16=1,"France",IF(D16=2,"Spain",IF(D16=3,"Germany","NONE"))) -> Spain | Z16: =IF(E16=1,"Male","Female") -> Female | AE16: =IF(F16<18,"Kids",IF(AND(F16>=18,F16<24),"Young Adults",IF(AND(F16>=24,F16<39),"Adults",IF(AND(F16>=39,F16<64),"Middle aged","Retired")))) -> Adults | AF16: =IF(AND(C16>=800,C16<=850),"Excellent",IF(AND(C16>=740,C16<=799),"Very good",IF(AND(C16>=670,C16<=739),"Good",IF(AND(C16>=580,C16<=669),"Fair",IF(AND(C16>=300,C16<=579),"Poor","None"))))) -> Fair | AG16: =IF(H16<25000,"Very low",IF(AND(H16>25000,H16<=50000),"Low",IF(AND(H16>50000,H16<=100000),"Medium",IF(AND(H16>100000,H16<=150000),"High",IF(AND(H16>150000,H16<=200000),"Very high",IF(H16>200000,"Extreme","None")))))) -> Very low
A17: 16 | B17: 15643966 | C17: 616 | D17: 3 | E17: 1 | F17: 45 | G17: 4 | H17: 143129.41 | I17: 2 | J17: 0 | K17: 1 | L17: 64327.26 | M17: 0 | N17: 18-01-2019 | P17: =RIGHT($N17,4) -> 2019 | R17: =MID(N17,4,2) -> 01 | T17: =IF(M17=1,"Exit","Retain") -> Retain | V17: =IF(D17=1,"France",IF(D17=2,"Spain",IF(D17=3,"Germany","NONE"))) -> Germany | Z17: =IF(E17=1,"Male","Female") -> Male | AE17: =IF(F17<18,"Kids",IF(AND(F17>=18,F17<24),"Young Adults",IF(AND(F17>=24,F17<39),"Adults",IF(AND(F17>=39,F17<64),"Middle aged","Retired")))) -> Middle aged | AF17: =IF(AND(C17>=800,C17<=850),"Excellent",IF(AND(C17>=740,C17<=799),"Very good",IF(AND(C17>=670,C17<=739),"Good",IF(AND(C17>=580,C17<=669),"Fair",IF(AND(C17>=300,C17<=579),"Poor","None"))))) -> Fair | AG17: =IF(H17<25000,"Very low",IF(AND(H17>25000,H17<=50000),"Low",IF(AND(H17>50000,H17<=100000),"Medium",IF(AND(H17>100000,H17<=150000),"High",IF(AND(H17>150000,H17<=200000),"Very high",IF(H17>200000,"Extreme","None")))))) -> High
A18: 17 | B18: 15737452 | C18: 653 | D18: 3 | E18: 1 | F18: 58 | G18: 4 | H18: 132602.88 | I18: 1 | J18: 1 | K18: 0 | L18: 5097.67 | M18: 1 | N18: 08-10-2018 | P18: =RIGHT($N18,4) -> 2018 | R18: =MID(N18,4,2) -> 10 | T18: =IF(M18=1,"Exit","Retain") -> Exit | V18: =IF(D18=1,"France",IF(D18=2,"Spain",IF(D18=3,"Germany","NONE"))) -> Germany | Z18: =IF(E18=1,"Male","Female") -> Male | AE18: =IF(F18<18,"Kids",IF(AND(F18>=18,F18<24),"Young Adults",IF(AND(F18>=24,F18<39),"Adults",IF(AND(F18>=39,F18<64),"Middle aged","Retired")))) -> Middle aged | AF18: =IF(AND(C18>=800,C18<=850),"Excellent",IF(AND(C18>=740,C18<=799),"Very good",IF(AND(C18>=670,C18<=739),"Good",IF(AND(C18>=580,C18<=669),"Fair",IF(AND(C18>=300,C18<=579),"Poor","None"))))) -> Fair | AG18: =IF(H18<25000,"Very low",IF(AND(H18>25000,H18<=50000),"Low",IF(AND(H18>50000,H18<=100000),"Medium",IF(AND(H18>100000,H18<=150000),"High",IF(AND(H18>150000,H18<=200000),"Very high",IF(H18>200000,"Extreme","None")))))) -> High
A19: 18 | B19: 15788218 | C19: 549 | D19: 2 | E19: 2 | F19: 24 | G19: 3 | H19: 0 | I19: 2 | J19: 1 | K19: 1 | L19: 14406.41 | M19: 0 | N19: 09-10-2019 | P19: =RIGHT($N19,4) -> 2019 | R19: =MID(N19,4,2) -> 10 | T19: =IF(M19=1,"Exit","Retain") -> Retain | V19: =IF(D19=1,"France",IF(D19=2,"Spain",IF(D19=3,"Germany","NONE"))) -> Spain | Z19: =IF(E19=1,"Male","Female") -> Female | AE19: =IF(F19<18,"Kids",IF(AND(F19>=18,F19<24),"Young Adults",IF(AND(F19>=24,F19<39),"Adults",IF(AND(F19>=39,F19<64),"Middle aged","Retired")))) -> Adults | AF19: =IF(AND(C19>=800,C19<=850),"Excellent",IF(AND(C19>=740,C19<=799),"Very good",IF(AND(C19>=670,C19<=739),"Good",IF(AND(C19>=580,C19<=669),"Fair",IF(AND(C19>=300,C19<=579),"Poor","None"))))) -> Poor | AG19: =IF(H19<25000,"Very low",IF(AND(H19>25000,H19<=50000),"Low",IF(AND(H19>50000,H19<=100000),"Medium",IF(AND(H19>100000,H19<=150000),"High",IF(AND(H19>150000,H19<=200000),"Very high",IF(H19>200000,"Extreme","None")))))) -> Very low
A20: 19 | B20: 15661507 | C20: 587 | D20: 2 | E20: 1 | F20: 45 | G20: 3 | H20: 0 | I20: 1 | J20: 0 | K20: 0 | L20: 158684.81 | M20: 0 | N20: 20-10-2019 | P20: =RIGHT($N20,4) -> 2019 | R20: =MID(N20,4,2) -> 10 | T20: =IF(M20=1,"Exit","Retain") -> Retain | V20: =IF(D20=1,"France",IF(D20=2,"Spain",IF(D20=3,"Germany","NONE"))) -> Spain | Z20: =IF(E20=1,"Male","Female") -> Male | AE20: =IF(F20<18,"Kids",IF(AND(F20>=18,F20<24),"Young Adults",IF(AND(F20>=24,F20<39),"Adults",IF(AND(F20>=39,F20<64),"Middle aged","Retired")))) -> Middle aged | AF20: =IF(AND(C20>=800,C20<=850),"Excellent",IF(AND(C20>=740,C20<=799),"Very good",IF(AND(C20>=670,C20<=739),"Good",IF(AND(C20>=580,C20<=669),"Fair",IF(AND(C20>=300,C20<=579),"Poor","None"))))) -> Fair | AG20: =IF(H20<25000,"Very low",IF(AND(H20>25000,H20<=50000),"Low",IF(AND(H20>50000,H20<=100000),"Medium",IF(AND(H20>100000,H20<=150000),"High",IF(AND(H20>150000,H20<=200000),"Very high",IF(H20>200000,"Extreme","None")))))) -> Very low
A21: 20 | B21: 15568982 | C21: 726 | D21: 1 | E21: 2 | F21: 24 | G21: 5 | H21: 0 | I21: 2 | J21: 1 | K21: 1 | L21: 54724.03 | M21: 0 | N21: 15-03-2018 | P21: =RIGHT($N21,4) -> 2018 | R21: =MID(N21,4,2) -> 03 | T21: =IF(M21=1,"Exit","Retain") -> Retain | V21: =IF(D21=1,"France",IF(D21=2,"Spain",IF(D21=3,"Germany","NONE"))) -> France | Z21: =IF(E21=1,"Male","Female") -> Female | AE21: =IF(F21<18,"Kids",IF(AND(F21>=18,F21<24),"Young Adults",IF(AND(F21>=24,F21<39),"Adults",IF(AND(F21>=39,F21<64),"Middle aged","Retired")))) -> Adults | AF21: =IF(AND(C21>=800,C21<=850),"Excellent",IF(AND(C21>=740,C21<=799),"Very good",IF(AND(C21>=670,C21<=739),"Good",IF(AND(C21>=580,C21<=669),"Fair",IF(AND(C21>=300,C21<=579),"Poor","None"))))) -> Good | AG21: =IF(H21<25000,"Very low",IF(AND(H21>25000,H21<=50000),"Low",IF(AND(H21>50000,H21<=100000),"Medium",IF(AND(H21>100000,H21<=150000),"High",IF(AND(H21>150000,H21<=200000),"Very high",IF(H21>200000,"Extreme","None")))))) -> Very low
A22: 21 | B22: 15577657 | C22: 732 | D22: 1 | E22: 1 | F22: 41 | G22: 5 | H22: 0 | I22: 2 | J22: 1 | K22: 1 | L22: 170886.17 | M22: 0 | N22: 30-12-2017 | P22: =RIGHT($N22,4) -> 2017 | R22: =MID(N22,4,2) -> 12 | T22: =IF(M22=1,"Exit","Retain") -> Retain | V22: =IF(D22=1,"France",IF(D22=2,"Spain",IF(D22=3,"Germany","NONE"))) -> France | Z22: =IF(E22=1,"Male","Female") -> Male | AE22: =IF(F22<18,"Kids",IF(AND(F22>=18,F22<24),"Young Adults",IF(AND(F22>=24,F22<39),"Adults",IF(AND(F22>=39,F22<64),"Middle aged","Retired")))) -> Middle aged | AF22: =IF(AND(C22>=800,C22<=850),"Excellent",IF(AND(C22>=740,C22<=799),"Very good",IF(AND(C22>=670,C22<=739),"Good",IF(AND(C22>=580,C22<=669),"Fair",IF(AND(C22>=300,C22<=579),"Poor","None"))))) -> Good | AG22: =IF(H22<25000,"Very low",IF(AND(H22>25000,H22<=50000),"Low",IF(AND(H22>50000,H22<=100000),"Medium",IF(AND(H22>100000,H22<=150000),"High",IF(AND(H22>150000,H22<=200000),"Very high",IF(H22>200000,"Extreme","None")))))) -> Very low
A23: 22 | B23: 15597945 | C23: 636 | D23: 2 | E23: 2 | F23: 32 | G23: 5 | H23: 0 | I23: 2 | J23: 1 | K23: 0 | L23: 138555.46 | M23: 0 | N23: 05-03-2018 | P23: =RIGHT($N23,4) -> 2018 | R23: =MID(N23,4,2) -> 03 | T23: =IF(M23=1,"Exit","Retain") -> Retain | V23: =IF(D23=1,"France",IF(D23=2,"Spain",IF(D23=3,"Germany","NONE"))) -> Spain | Z23: =IF(E23=1,"Male","Female") -> Female | AE23: =IF(F23<18,"Kids",IF(AND(F23>=18,F23<24),"Young Adults",IF(AND(F23>=24,F23<39),"Adults",IF(AND(F23>=39,F23<64),"Middle aged","Retired")))) -> Adults | AF23: =IF(AND(C23>=800,C23<=850),"Excellent",IF(AND(C23>=740,C23<=799),"Very good",IF(AND(C23>=670,C23<=739),"Good",IF(AND(C23>=580,C23<=669),"Fair",IF(AND(C23>=300,C23<=579),"Poor","None"))))) -> Fair | AG23: =IF(H23<25000,"Very low",IF(AND(H23>25000,H23<=50000),"Low",IF(AND(H23>50000,H23<=100000),"Medium",IF(AND(H23>100000,H23<=150000),"High",IF(AND(H23>150000,H23<=200000),"Very high",IF(H23>200000,"Extreme","None")))))) -> Very low
A24: 23 | B24: 15699309 | C24: 510 | D24: 2 | E24: 2 | F24: 38 | G24: 4 | H24: 0 | I24: 1 | J24: 1 | K24: 0 | L24: 118913.53 | M24: 1 | N24: 03-04-2019 | P24: =RIGHT($N24,4) -> 2019 | R24: =MID(N24,4,2) -> 04 | T24: =IF(M24=1,"Exit","Retain") -> Exit | V24: =IF(D24=1,"France",IF(D24=2,"Spain",IF(D24=3,"Germany","NONE"))) -> Spain | Z24: =IF(E24=1,"Male","Female") -> Female | AE24: =IF(F24<18,"Kids",IF(AND(F24>=18,F24<24),"Young Adults",IF(AND(F24>=24,F24<39),"Adults",IF(AND(F24>=39,F24<64),"Middle aged","Retired")))) -> Adults | AF24: =IF(AND(C24>=800,C24<=850),"Excellent",IF(AND(C24>=740,C24<=799),"Very good",IF(AND(C24>=670,C24<=739),"Good",IF(AND(C24>=580,C24<=669),"Fair",IF(AND(C24>=300,C24<=579),"Poor","None"))))) -> Poor | AG24: =IF(H24<25000,"Very low",IF(AND(H24>25000,H24<=50000),"Low",IF(AND(H24>50000,H24<=100000),"Medium",IF(AND(H24>100000,H24<=150000),"High",IF(AND(H24>150000,H24<=200000),"Very high",IF(H24>200000,"Extreme","None")))))) -> Very low
A25: 24 | B25: 15725737 | C25: 669 | D25: 1 | E25: 1 | F25: 46 | G25: 3 | H25: 0 | I25: 2 | J25: 0 | K25: 1 | L25: 8487.75 | M25: 0 | N25: 26-09-2019 | P25: =RIGHT($N25,4) -> 2019 | R25: =MID(N25,4,2) -> 09 | T25: =IF(M25=1,"Exit","Retain") -> Retain | V25: =IF(D25=1,"France",IF(D25=2,"Spain",IF(D25=3,"Germany","NONE"))) -> France | Z25: =IF(E25=1,"Male","Female") -> Male | AE25: =IF(F25<18,"Kids",IF(AND(F25>=18,F25<24),"Young Adults",IF(AND(F25>=24,F25<39),"Adults",IF(AND(F25>=39,F25<64),"Middle aged","Retired")))) -> Middle aged | AF25: =IF(AND(C25>=800,C25<=850),"Excellent",IF(AND(C25>=740,C25<=799),"Very good",IF(AND(C25>=670,C25<=739),"Good",IF(AND(C25>=580,C25<=669),"Fair",IF(AND(C25>=300,C25<=579),"Poor","None"))))) -> Fair | AG25: =IF(H25<25000,"Very low",IF(AND(H25>25000,H25<=50000),"Low",IF(AND(H25>50000,H25<=100000),"Medium",IF(AND(H25>100000,H25<=150000),"High",IF(AND(H25>150000,H25<=200000),"Very high",IF(H25>200000,"Extreme","None")))))) -> Very low
A26: 25 | B26: 15625047 | C26: 846 | D26: 1 | E26: 2 | F26: 38 | G26: 5 | H26: 0 | I26: 1 | J26: 1 | K26: 1 | L26: 187616.16 | M26: 0 | N26: 08-11-2017 | P26: =RIGHT($N26,4) -> 2017 | R26: =MID(N26,4,2) -> 11 | T26: =IF(M26=1,"Exit","Retain") -> Retain | V26: =IF(D26=1,"France",IF(D26=2,"Spain",IF(D26=3,"Germany","NONE"))) -> France | Z26: =IF(E26=1,"Male","Female") -> Female | AE26: =IF(F26<18,"Kids",IF(AND(F26>=18,F26<24),"Young Adults",IF(AND(F26>=24,F26<39),"Adults",IF(AND(F26>=39,F26<64),"Middle aged","Retired")))) -> Adults | AF26: =IF(AND(C26>=800,C26<=850),"Excellent",IF(AND(C26>=740,C26<=799),"Very good",IF(AND(C26>=670,C26<=739),"Good",IF(AND(C26>=580,C26<=669),"Fair",IF(AND(C26>=300,C26<=579),"Poor","None"))))) -> Excellent | AG26: =IF(H26<25000,"Very low",IF(AND(H26>25000,H26<=50000),"Low",IF(AND(H26>50000,H26<=100000),"Medium",IF(AND(H26>100000,H26<=150000),"High",IF(AND(H26>150000,H26<=200000),"Very high",IF(H26>200000,"Extreme","None")))))) -> Very low
... A10001: 10000 | B10001: 15628319 | C10001: 792 | D10001: 1 | E10001: 2 | F10001: 28 | G10001: 3 | H10001: 130142.79 | I10001: 1 | J10001: 1 | K10001: 0 | L10001: 38190.78 | M10001: 0 | N10001: 11-12-2019 | P10001: =RIGHT($N10001,4) -> 2019 | R10001: =MID(N10001,4,2) -> 12 | T10001: =IF(M10001=1,"Exit","Retain") -> Retain | V10001: =IF(D10001=1,"France",IF(D10001=2,"Spain",IF(D10001=3,"Germany","NONE"))) -> France | Z10001: =IF(E10001=1,"Male","Female") -> Female | AE10001: =IF(F10001<18,"Kids",IF(AND(F10001>=18,F10001<24),"Young Adults",IF(AND(F10001>=24,F10001<39),"Adults",IF(AND(F10001>=39,F10001<64),"Middle aged","Retired")))) -> Adults | AF10001: =IF(AND(C10001>=800,C10001<=850),"Excellent",IF(AND(C10001>=740,C10001<=799),"Very good",IF(AND(C10001>=670,C10001<=739),"Good",IF(AND(C10001>=580,C10001<=669),"Fair",IF(AND(C10001>=300,C10001<=579),"Poor","None"))))) -> Very good | AG10001: =IF(H10001<25000,"Very low",IF(AND(H10001>25000,H10001<=50000),"Low",IF(AND(H10001>50000,H10001<=100000),"Medium",IF(AND(H10001>100000,H10001<=150000),"High",IF(AND(H10001>150000,H10001<=200000),"Very high",IF(H10001>200000,"Extreme","None")))))) -> High

Sheet Validation
A1: Dashboard 1 | H1: Dashboard 2
B2: Year | C2: Month | D2: Exit Category | E2: Geography location | F2: Gender Category | J2: Year | K2: Month | L2: Active category
B3: <> | C3: <> | D3: <> | E3: <> | F3: <> | J3: <> | K3: <> | L3: <> | N3: Exited Customers by balance range
A4: Total Customers | I4: Total customer | O4: Exited Customers
A5: {=COUNTIFS(Bank_Churn!P2:P10001,IF(Validation!B3="",Bank_Churn!Z2:Z10001,Validation!B3),Bank_Churn!R2:R10001,IF(Validation!C3="",Bank_Churn!Z2:Z10001,Validation!C3),Bank_Churn!T2:T10001,IF(Validation!D3="",Bank_Churn!T2:T10001,Validation!D3),Bank_Churn!V2:V10001,IF(Validation!E3="",Bank_Churn!V2:V10001,Validation!E3),Bank_Churn!Z2:Z10001,IF(Validation!F3="",Bank_Churn!Z2:Z10001,Validation!F3))} -> 10000 | I5: {=COUNTIFS(Bank_Churn!P2:P10001,IF(Validation!J3="",Bank_Churn!P2:P10001,Validation!J3),Bank_Churn!R2:R10001,IF(Validation!K3="",Bank_Churn!R2:R10001,Validation!K3),Bank_Churn!K2:K10001,IF(Validation!L3="",Bank_Churn!K2:K10001,Validation!L3))} -> 10000 | N5: {=_xlfn.UNIQUE(Bank_Churn!AG2:AG10001)} -> Very low | O5: =COUNTIFS(Bank_Churn!AG2:AG10001,Validation!N5,Bank_Churn!M2:M10001,1) -> 504
A6: Exit Customers | I6: Active customers | N6: Medium | O6: =COUNTIFS(Bank_Churn!AG3:AG10002,Validation!N6,Bank_Churn!M3:M10002,1) -> 300
A7: {=COUNTIFS( Bank_Churn!P2:P10001,IF(B3="",Bank_Churn!Z2:Z10001,B3), Bank_Churn!R2:R10001,IF(C3="",Bank_Churn!Z2:Z10001,C3), Bank_Churn!T2:T10001,IF(D3="",Bank_Churn!T2:T10001,D3), Bank_Churn!V2:V10001,IF(E3="",Bank_Churn!V2:V10001,E3), Bank_Churn!Z2:Z10001,IF(F3="",Bank_Churn!Z2:Z10001,F3), Bank_Churn!M2:M10001,1 )} -> 2037 | I7: {=COUNTIFS(Bank_Churn!P2:P10001,IF(Validation!J3="",Bank_Churn!P2:P10001,Validation!J3),Bank_Churn!R2:R10001,IF(Validation!K3="",Bank_Churn!R2:R10001,Validation!K3),Bank_Churn!K2:K10001,1)} -> 5151 | N7: Very high | O7: =COUNTIFS(Bank_Churn!AG4:AG10003,Validation!N7,Bank_Churn!M4:M10003,1) -> 205
A8: Retained Customers | I8: InActive customers | N8: High | O8: =COUNTIFS(Bank_Churn!AG5:AG10004,Validation!N8,Bank_Churn!M5:M10004,1) -> 987
A9: {=COUNTIFS( Bank_Churn!P2:P10001,IF(B3="",Bank_Churn!Z2:Z10001,B3), Bank_Churn!R2:R10001,IF(C3="",Bank_Churn!Z2:Z10001,C3), Bank_Churn!T2:T10001,IF(D3="",Bank_Churn!T2:T10001,D3), Bank_Churn!V2:V10001,IF(E3="",Bank_Churn!V2:V10001,E3), Bank_Churn!Z2:Z10001,IF(F3="",Bank_Churn!Z2:Z10001,F3), Bank_Churn!M2:M10001,0 )} -> 7963 | I9: {=COUNTIFS(Bank_Churn!P2:P10001,IF(Validation!J3="",Bank_Churn!P2:P10001,Validation!J3),Bank_Churn!R2:R10001,IF(Validation!K3="",Bank_Churn!R2:R10001,Validation!K3),Bank_Churn!K2:K10001,0)} -> 4849 | N9: Low | O9: =COUNTIFS(Bank_Churn!AG6:AG10005,Validation!N9,Bank_Churn!M6:M10005,1) -> 22
I10: Credit card holders | N10: Extreme | O10: =COUNTIFS(Bank_Churn!AG7:AG10006,Validation!N10,Bank_Churn!M7:M10006,1) -> 19
I11: =COUNTIF(Bank_Churn!J:J,1) -> 7055
I13: Exited Customer by Tenure
A14: Exited Customers By Age | E14: Exited Customers By Credit type | I14: Tenure | J14: Exited Customers
B15: Exit | C15: Retain | F15: Exit | G15: Retain | I15: {=_xlfn._xlws.SORT(_xlfn.UNIQUE(Bank_Churn!G2:G10001),,1)} -> 3 | J15: =COUNTIF(Bank_Churn!G:G,3) -> 1348
A16: {=_xlfn.UNIQUE(Bank_Churn!AE2:AE10001)} -> Middle aged | B16: =COUNTIFS(Bank_Churn!$AE:$AE,Validation!A16,Bank_Churn!$M:$M,1) -> 1457 | C16: =COUNTIFS(Bank_Churn!$AE:$AE,Validation!$A$16,Bank_Churn!$M:$M,0) -> 2660 | E16: {=_xlfn.UNIQUE(Bank_Churn!AF2:AF10001)} -> Fair | F16: =COUNTIFS(Bank_Churn!$AF$2:$AF$10001,Validation!$E16,Bank_Churn!$M$2:$M$10001,1) -> 685 | G16: =COUNTIFS(Bank_Churn!$AF$2:$AF$10001,Validation!$E16,Bank_Churn!$M$2:$M$10001,0) -> 2646 | I16: 4 | J16: =COUNTIF(Bank_Churn!G:G,4) -> 2971
A17: Adults | B17: =COUNTIFS(Bank_Churn!$AE:$AE,Validation!A17,Bank_Churn!$M:$M,1) -> 499 | C17: =COUNTIFS(Bank_Churn!$AE:$AE,Validation!$A17,Bank_Churn!$M:$M,0) -> 4740 | E17: Poor | F17: =COUNTIFS(Bank_Churn!$AF$2:$AF$10001,Validation!$E17,Bank_Churn!$M$2:$M$10001,1) -> 520 | G17: =COUNTIFS(Bank_Churn!$AF$2:$AF$10001,Validation!$E17,Bank_Churn!$M$2:$M$10001,0) -> 1842 | I17: 5 | J17: =COUNTIF(Bank_Churn!G:G,5) -> 2510
A18: Young Adults | B18: =COUNTIFS(Bank_Churn!$AE:$AE,Validation!A18,Bank_Churn!$M:$M,1) -> 26 | C18: =COUNTIFS(Bank_Churn!$AE:$AE,Validation!$A18,Bank_Churn!$M:$M,0) -> 299 | E18: Good | F18: =COUNTIFS(Bank_Churn!$AF$2:$AF$10001,Validation!$E18,Bank_Churn!$M$2:$M$10001,1) -> 452 | G18: =COUNTIFS(Bank_Churn!$AF$2:$AF$10001,Validation!$E18,Bank_Churn!$M$2:$M$10001,0) -> 1976 | I18: 6 | J18: =COUNTIF(Bank_Churn!G:G,6) -> 2032
A19: Retired | B19: =COUNTIFS(Bank_Churn!$AE:$AE,Validation!A19,Bank_Churn!$M:$M,1) -> 55 | C19: =COUNTIFS(Bank_Churn!$AE:$AE,Validation!$A19,Bank_Churn!$M:$M,0) -> 264 | E19: Excellent | F19: =COUNTIFS(Bank_Churn!$AF$2:$AF$10001,Validation!$E19,Bank_Churn!$M$2:$M$10001,1) -> 128 | G19: =COUNTIFS(Bank_Churn!$AF$2:$AF$10001,Validation!$E19,Bank_Churn!$M$2:$M$10001,0) -> 527 | I19: 7 | J19: =COUNTIF(Bank_Churn!G:G,7) -> 1139
E20: Very good | F20: =COUNTIFS(Bank_Churn!$AF$2:$AF$10001,Validation!$E20,Bank_Churn!$M$2:$M$10001,1) -> 252 | G20: =COUNTIFS(Bank_Churn!$AF$2:$AF$10001,Validation!$E20,Bank_Churn!$M$2:$M$10001,0) -> 972
